Name,Gender
Emily Johnson,Female
Emma Smith,Female
Madison Williams,Female
Olivia Brown,Female
Ava Jones,Female
Isabella Davis,Female
Sophia Miller,Female
Mia Wilson,Female
Charlotte Moore,Female
Amelia Taylor,Female
Harper Anderson,Female
Evelyn Thomas,Female
Abigail Jackson,Female
Elizabeth White,Female
Scarlett Harris,Female
Grace Martin,Female
Lily Thompson,Female
Avery Garcia,Female
Zoey Martinez,Female
Chloe Robinson,Female
Layla Clark,Female
Riley Rodriguez,Female
Zoe Lewis,Female
Nora Lee,Female
Eleanor Walker,Female
Hannah Hall,Female
Addison Young,Female
Stella Allen,Female
Savannah Hernandez,Female
Aubrey King,Female
Brooklyn Wright,Female
Leah Scott,Female
Hazel Lopez,Female
Violet Hill,Female
Aurora Green,Female
Claire Adams,Female
Lucy Baker,Female
Paisley Nelson,Female
Samantha Carter,Female
Skylar Mitchell,Female
Peyton Perez,Female
Kennedy Roberts,Female
Anna Turner,Female
Caroline Phillips,Female
Kinsley Campbell,Female
Ellie Parker,Female
Natalie Evans,Female
Piper Edwards,Female
Aria Collins,Female
Naomi Stewart,Female
Maria Sanchez,Female
Serenity Morris,Female
Reagan Reed,Female
Sadie Cook,Female
Faith Rivera,Female
Makayla Bailey,Female
Alexis Howard,Female
Lauren Foster,Female
Brooke Gonzales,Female
Penelope Bryant,Female
Autumn Alexander,Female
Jasmine Russell,Female
Ariana Griffin,Female
Kaylee Diaz,Female
Clara Hayes,Female
Alaina Myers,Female
Molly Ford,Female
Kaitlyn Long,Female
Madelyn Barnes,Female
Hazel Palmer,Female
Lillian Hughes,Female
Kayla Washington,Female
Isabelle Sullivan,Female
Melissa Price,Female
Alana Jenkins,Female
Elise Perry,Female
Heidi Ross,Female
Morgan Brooks,Female
Kendra Coleman,Female
Miranda Reyes,Female
Angelina Fisher,Female
Tessa Morgan,Female
Adriana Butler,Female
Mariah Barnes,Female
Clara Webb,Female
Alexandra Murphy,Female
Jenna Richardson,Female
Fiona Ortiz,Female
Summer Castillo,Female
Vanessa Simmons,Female
Hope Stevens,Female
Camila Weaver,Female
Autumn Wheeler,Female
Gabriella Harvey,Female
Delilah Graham,Female
Ivy Ortiz,Female
Danielle Porter,Female
Esther Harper,Female
Chelsea Ramirez,Female
Hope Schultz,Female
Bella Ortiz,Female
Juliana Price,Female
Adrianna Parsons,Female
James Smith,Male
John Johnson,Male
Robert Williams,Male
Michael Brown,Male
William Jones,Male
David Davis,Male
Richard Miller,Male
Joseph Wilson,Male
Charles Moore,Male
Thomas Taylor,Male
Daniel Anderson,Male
Matthew Thomas,Male
Anthony Jackson,Male
Donald White,Male
Mark Harris,Male
Paul Martin,Male
Steven Thompson,Male
Andrew Garcia,Male
Kenneth Martinez,Male
Joshua Robinson,Male
George Clark,Male
Kevin Rodriguez,Male
Brian Lewis,Male
Edward Lee,Male
Ronald Walker,Male
Jason Hall,Male
Timothy Young,Male
Jeffrey Allen,Male
Ryan Hernandez,Male
Gary King,Male
Nicholas Wright,Male
Eric Scott,Male
Stephen Lopez,Male
Jonathan Hill,Male
Larry Green,Male
Justin Adams,Male
Scott Baker,Male
Benjamin Nelson,Male
Gregory Carter,Male
Samuel Mitchell,Male
Frank Perez,Male
Gregory Roberts,Male
Patrick Turner,Male
Terry Phillips,Male
Douglas Campbell,Male
Henry Parker,Male
Arthur Evans,Male
Carl Edwards,Male
Willie Collins,Male
Jeremy Stewart,Male
Sean Sanchez,Male
Adam Morris,Male
Bryan Reed,Male
Alexander Cook,Male
Zachary Rivera,Male
Nathaniel Bailey,Male
Tyler Howard,Male
Peter Foster,Male
Harold Gonzales,Male
Phillip Bryant,Male
Dennis Alexander,Male
Walter Russell,Male
Jesse Griffin,Male
Joel Diaz,Male
Albert Hayes,Male
Billy Myers,Male
Bruce Ford,Male
Eugene Long,Male
Raymond Barnes,Male
Roy Palmer,Male
Randy Hughes,Male
Howard Washington,Male
Carlos Sullivan,Male
Brandon Price,Male
Chris Jenkins,Male
Russell Perry,Male
Bobby Ross,Male
Louis Brooks,Male
Shawn Coleman,Male
Gerald Reyes,Male
Clifford Fisher,Male
Leroy Morgan,Male
Troy Butler,Male
Darren Barnes,Male
Maurice Webb,Male
Floyd Murphy,Male
Leo Richardson,Male
Allen Ortiz,Male
Raymond Castillo,Male
Curtis Simmons,Male
Jerome Stevens,Male
Ricky Weaver,Male
Edwin Wheeler,Male
Victor Harvey,Male
Martin Graham,Male
Rodney Ortiz,Male
Caleb Porter,Male
Rodney Harper,Male
Harvey Ramirez,Male
Devin Schultz,Male
Harry Ortiz,Male
Russell Price,Male
Jesse Parsons,Male