firstnames_male,firstnames_female,lastnames
Liam,Olivia,Smith
Noah,Emma,Johnson
Oliver,Charlotte,Williams
James,Amelia,Brown
Elijah,Sophia,Jones
William,Isabella,Garcia
Henry,Ava,Miller
Lucas,Mia,Davis
Benjamin,Evelyn,Rodriguez
Theodore,Luna,Martinez
Mateo,Harper,Hernandez
Levi,Camila,Lopez
Sebastian,Sofia,Gonzalez
Daniel,Scarlett,Wilson
Jack,Elizabeth,Anderson
Michael,Eleanor,Thomas
Alexander,Emily,Taylor
Owen,Chloe,Moore
Asher,Mila,Jackson
Samuel,Violet,Martin
Ethan,Penelope,Lee
Leo,Gianna,Perez
Jackson,Aria,Thompson
Mason,Abigail,White
Ezra,Ella,Harris
John,Avery,Sanchez
Hudson,Hazel,Clark
Luca,Nora,Ramirez
Aiden,Layla,Lewis
Joseph,Lily,Robinson
David,Aurora,Walker
Jacob,Nova,Young
Logan,Ellie,Allen
Luke,Madison,King
Julian,Grace,Wright
Gabriel,Isla,Scott
Grayson,Willow,Torres
Wyatt,Zoe,Nguyen
Matthew,Riley,Hill
Maverick,Stella,Flores
Dylan,Eliana,Green
Isaac,Ivy,Adams
Elias,Victoria,Nelson
Anthony,Emilia,Baker
Thomas,Zoey,Hall
Jayden,Naomi,Rivera
Carter,Hannah,Campbell
Santiago,Lucy,Mitchell
Ezekiel,Elena,Carter
Charles,Lillian,Roberts
Josiah,Maya,Gomez
Caleb,Leah,Phillips
Cooper,Paisley,Evans
Lincoln,Addison,Turner
Miles,Natalie,Diaz
Christopher,Valentina,Parker
Nathan,Everly,Cruz
Isaiah,Delilah,Edwards
Kai,Leilani,Collins
Joshua,Madelyn,Reyes
Andrew,Kinsley,Stewart
Angel,Ruby,Morris
Adrian,Sophie,Morales
Cameron,Alice,Murphy
Nolan,Genesis,Cook
Waylon,Claire,Rogers
Jaxon,Audrey,Gutierrez
Roman,Sadie,Ortiz
Eli,Aaliyah,Morgan
Wesley,Josephine,Cooper
Aaron,Autumn,Peterson
Ian,Brooklyn,Bailey
Christian,Quinn,Reed
Ryan,Kennedy,Kelly
Leonardo,Cora,Howard
Brooks,Savannah,Ramos
Axel,Caroline,Kim
Walker,Athena,Cox
Jonathan,Natalia,Ward
Easton,Hailey,Richardson
Everett,Aubrey,Watson
Weston,Emery,Brooks
Bennett,Anna,Chavez
Robert,Iris,Wood
Jameson,Bella,James
Landon,Eloise,Bennett
Silas,Skylar,Gray
Jose,Jade,Mendoza
Beau,Gabriella,Ruiz
Micah,Ariana,Hughes
Colton,Maria,Price
Jordan,Adeline,Alvarez
Jeremiah,Lydia,Castillo
Parker,Sarah,Sanders
Greyson,Nevaeh,Patel
Rowan,Serenity,Myers
Adam,Liliana,Long
Nicholas,Ayla,Ross
Theo,Everleigh,Foster
Xavier,Raelynn,Jimenez
Hunter,Allison,Powell
Dominic,Madeline,Jenkins
Jace,Vivian,Perry
Gael,Maeve,Russell
River,Lyla,Sullivan
Thiago,Samantha,Bell
Kayden,Rylee,Coleman
Damian,Eva,Butler
August,Melody,Henderson
Carson,Clara,Barnes
Austin,Hadley,Gonzales
Myles,Julia,Fisher
Amir,Piper,Vasquez
Declan,Juniper,Simmons
Emmett,Parker,Romero
Ryder,Brielle,Jordan
Luka,Eden,Patterson
Connor,Remi,Alexander
Jaxson,Josie,Hamilton
Milo,Rose,Graham
Enzo,Arya,Reynolds
Giovanni,Eliza,Griffin
Vincent,Charlie,Wallace
Diego,Peyton,Moreno
Luis,Daisy,West
Archer,Lucia,Cole
Harrison,Millie,Hayes
Kingston,Margaret,Bryant
Atlas,Freya,Herrera
Jasper,Melanie,Gibson
Sawyer,Elliana,Ellis
Legend,Adalynn,Tran
Lorenzo,Alina,Medina
Evan,Emersyn,Aguilar
Jonah,Sienna,Stevens
Chase,Mary,Murray
Bryson,Isabelle,Ford
Adriel,Alaia,Castro
Nathaniel,Esther,Marshall
Arthur,Sloane,Owens
Juan,Mackenzie,Harrison
George,Amara,Fernandez
Cole,Ximena,Mcdonald
Zion,Sage,Woods
Jason,Cecilia,Washington
Ashton,Valeria,Kennedy
Carlos,Reagan,Wells
Calvin,Valerie,Vargas
Brayden,Catalina,Henry
Elliot,River,Chen
Rhett,Magnolia,Freeman
Emiliano,Kehlani,Webb
Ace,Summer,Tucker
Jayce,Ashley,Guzman
Graham,Andrea,Burns
Max,Isabel,Crawford
Braxton,Oakley,Olson
Leon,Olive,Simpson
Ivan,Oaklynn,Porter
Hayden,Ember,Hunter
Jude,Kaylee,Gordon
Malachi,Georgia,Mendez
Dean,Juliette,Silva
Tyler,Anastasia,Shaw
Jesus,Genevieve,Snyder
Zachary,Katherine,Mason
Kaiden,Blakely,Dixon
Elliott,Reese,Muñoz
Arlo,Amaya,Hunt
Emmanuel,Emerson,Hicks
Ayden,Brianna,Holmes
Bentley,June,Palmer
Maxwell,Alani,Wagner
Amari,Lainey,Black
Ryker,Arianna,Robertson
Finn,Rosalie,Boyd
Antonio,Sara,Rose
Charlie,Jasmine,Stone
Maddox,Ruth,Salazar
Justin,Adalyn,Fox
Judah,Ada,Warren
Kevin,Bailey,Mills
Dawson,Ariella,Meyer
Matteo,Wren,Rice
Miguel,Myla,Schmidt
Zayden,Khloe,Garza
Camden,Callie,Daniels
Messiah,Elsie,Ferguson
Alan,Alexandra,Nichols
Alex,Ryleigh,Stephens
Nicolas,Faith,Soto
Felix,Norah,Weaver
Alejandro,Margot,Ryan
Jesse,Zuri,Gardner
Beckett,Journee,Payne
Matias,Aspen,Grant
Tucker,Gemma,Dunn
Emilio,Kylie,Kelley
Xander,Molly,Spencer
Knox,Blake,Hawkins
Oscar,Zara,Arnold
Beckham,Alaina,Pierce
Timothy,Alana,Vazquez
Abraham,Brynlee,Hansen
Andres,Amy,Peters
Gavin,Annie,Santos
Brody,Saylor,Hart
Barrett,Ana,Bradley
Hayes,Amira,Knight
Jett,Kimberly,Elliott
Brandon,Noelle,Cunningham
Joel,Kamila,Duncan
Victor,Morgan,Armstrong
Peter,Phoebe,Hudson
Abel,Harmony,Carroll
Edward,Sutton,Lane
Karter,Taylor,Riley
Patrick,Finley,Andrews
Richard,Lilah,Alvarado
Grant,Juliana,Ray
Avery,Lila,Delgado
King,Londyn,Berry
Caden,Kailani,Perkins
Adonis,Vera,Hoffman
Riley,Kaia,Johnston
Tristan,Angela,Matthews
Kyrie,Hallie,Peña
Blake,Diana,Richards
Eric,Lennon,Contreras
Griffin,Presley,Willis
Malakai,Arabella,Carpenter
Rafael,Aliyah,Lawrence
Israel,Lilly,Sandoval
Tate,Milani,Guerrero
Lukas,Jordyn,George
Nico,Camille,Chapman
Marcus,Ariel,Rios
Stetson,Aubree,Estrada
Javier,Selena,Ortega
Colt,Sawyer,Watkins
Omar,Nyla,Greene
Simon,Delaney,Nuñez
Kash,Mariana,Wheeler
Remington,Rachel,Valdez
Jeremy,Adaline,Harper
Louis,Leila,Burke
Mark,Collins,Larson
Lennox,Lia,Santiago
Callum,Octavia,Maldonado
Kairo,Kali,Morrison
Nash,Lena,Franklin
Kyler,Kiara,Carlson
Dallas,Kaylani,Austin
Crew,Elaina,Dominguez
Preston,Daniela,Carr
Paxton,Leia,Lawson
Steven,Gracie,Jacobs
Zane,Dakota,O’Brien
Kaleb,Elise,Lynch
Lane,Hope,Singh
Phoenix,Harlow,Vega
Paul,Lola,Bishop
Cash,Stevie,Montgomery
Kenneth,Malia,Oliver
Bryce,Miriam,Jensen
Ronan,Alora,Harvey
Kaden,Gia,Williamson
Maximiliano,Evangeline,Gilbert
Walter,Brooke,Dean
Maximus,Lilith,Sims
Emerson,Sydney,Espinoza
Hendrix,Ophelia,Howell
Jax,Alayna,Li
Atticus,Tatum,Wong
Zayn,Evie,Reid
Tobias,Rowan,Hanson
Cohen,Marley,Le
Aziel,Daphne,Mccoy
Kayson,Kayla,Garrett
Rory,Dahlia,Burton
Brady,Lucille,Fuller
Finley,Blair,Wang
Holden,Adelaide,Weber
Jorge,Wrenley,Welch
Malcolm,Haven,Rojas
Clayton,Teagan,Lucas
Niko,Adelyn,Marquez
Francisco,Alyssa,Fields
Josue,Payton,Park
Brian,Jane,Yang
Bryan,Mckenna,Little
Cade,Celeste,Banks
Colin,Juliet,Padilla
Andre,Palmer,Day
Cayden,Maggie,Walsh
Aidan,Rebecca,Bowman
Muhammad,London,Schultz
Derek,Noa,Luna
Ali,Samara,Fowler
Elian,Thea,Mejia
Bodhi,Kendall,Davidson
Cody,Mya,Acosta
Jensen,Talia,Brewer
Damien,Winter,May
Martin,Angelina,Holland
Cairo,Vivienne,Juarez
Ellis,Esme,Newman
Khalil,Laila,Pearson
Otto,Nina,Curtis
Zander,Trinity,Cortéz
Dante,Vanessa,Douglas
Ismael,Mabel,Schneider
Angelo,Camilla,Joseph
Brantley,Jocelyn,Barrett
Manuel,Journey,Navarro
Colson,Paige,Figueroa
Cruz,Phoenix,Keller
Tatum,Amina,Ávila
Jaylen,Alivia,Wade
Jaden,Amari,Molina
Erick,Joanna,Stanley
Cristian,Nicole,Hopkins
Romeo,Annabelle,Campos
Milan,Raegan,Barnett
Reid,Aitana,Bates
Cyrus,Julianna,Chambers
Leonel,Lauren,Caldwell
Joaquin,Catherine,Beck
Ari,Adriana,Lambert
Odin,Madilyn,Miranda
Orion,Harley,Byrd
Ezequiel,Tessa,Craig
Gideon,Evelynn,Ayala
Daxton,Elianna,Lowe
Warren,Rory,Frazier
Casey,Dream,Powers
Anderson,Nayeli,Neal
Spencer,Poppy,Leonard
Karson,Gabriela,Gregory
Eduardo,Jayla,Carrillo
Chance,Cataleya,Sutton
Fernando,Celine,Fleming
Raymond,Hayden,Rhodes
Bradley,Shiloh,Shelton
Cesar,Mariah,Schwartz
Wade,Charlee,Norris
Prince,Maisie,Jennings
Julius,Regina,Watts
Dakota,Adelynn,Duran
Kade,Briella,Walters
Koa,Giselle,Cohen
Raiden,Fatima,Mcdaniel
Callan,Danna,Moran
Hector,Alessia,Parks
Onyx,Mckenzie,Steele
Remy,Wynter,Vaughn
Ricardo,Fiona,Becker
Edwin,Brooklynn,Holt
Stephen,Gracelynn,Deleon
Kane,Luciana,Barker
Saint,Alexis,Terry
Titus,Everlee,Hale
Desmond,Laura,Leon
Killian,Selah,Hail
Sullivan,Reign,Benson
Mario,Alayah,Haynes
Jay,Rosemary,Horton
Kamari,Lilliana,Miles
Luciano,Ariyah,Lyons
Royal,Heidi,Pham
Zyaire,Esmeralda,Graves
Marco,Logan,Bush
Wilder,Amora,Thornton
Russell,Kalani,Wolfe
Nasir,Leighton,Warner
Rylan,Cali,Cabrera
Archie,Melissa,Mckinney
Jared,Aniyah,Mann
Gianni,Izabella,Zimmerman
Kashton,Michelle,Dawson
Kobe,Raelyn,Lara
Sergio,Alessandra,Fletcher
Travis,Viviana,Page
Marshall,Madeleine,Mccarthy
Iker,Arielle,Love
Briggs,Serena,Robles
Gunner,Francesca,Cervantes
Apollo,Brynn,Solis
Bowen,Gwendolyn,Erickson
Baylor,Kira,Reeves
Sage,Destiny,Chang
Tyson,Elle,Klein
Kyle,Makayla,Salinas
Oakley,Alaya,Fuentes
Malik,Malani,Baldwin
Mathias,Willa,Daniel
Sean,Saige,Simon
Armani,Makenna,Velasquez
Hugo,Remington,Hardy
Johnny,Demi,Higgins
Sterling,Adelina,Aguirre
Forrest,Raya,Lin
Harvey,Astrid,Cummings
Banks,Azalea,Chandler
Grady,Veronica,Sharp
Kameron,Meadow,Barber
Jake,Anaya,Bowen
Franklin,Elisa,Ochoa
Lawson,Raven,Dennis
Tanner,Alexandria,Robbins
Eden,Hattie,Liu
Jaziel,Alicia,Ramsey
Pablo,Sabrina,Francis
Reed,Gracelyn,Griffith
Pedro,Matilda,Paul
Zayne,Skye,Blair
Royce,Annalise,O’Connor
Edgar,Frances,Cardenas
Ibrahim,Miracle,Pacheco
Winston,Maia,Cross
Ronin,Helen,Calderon
Leonidas,Lana,Quinn
Devin,Daleyza,Moss
Damon,Rosie,Swanson
Noel,Charli,Chan
Rhys,Bianca,Rivas
Clark,Royalty,Khan
Corbin,Sarai,Rodgers
Sonny,Amiyah,Serrano
Colter,Nylah,Fitzgerald
Esteban,Aylin,Rosales
Erik,Maryam,Stevenson
Baker,Scarlet,Christensen
Adan,Antonella,Manning
Dariel,Sylvia,Gill
Kylo,Sylvie,Curry
Tripp,Nadia,Mclaughlin
Caiden,Ari,Harmon
Frank,Lexi,Mcgee
Solomon,Mylah,Gross
Major,Julieta,Doyle
Memphis,Lorelei,Garner
Quinn,Avianna,Newton
Dax,Armani,Burgess
Hank,Camryn,Reese
Donovan,Emely,Walton
Finnegan,Rylie,Blake
Nehemiah,Colette,Trujillo
Andy,Daniella,Adkins
Camilo,Liana,Brady
Asa,Brinley,Goodman
Jeffrey,Kate,Roman
Santino,Salem,Webster
Isaias,Marlee,Goodwin
Jaiden,Alison,Fischer
Kian,Carmen,Huang
Fabian,Felicity,Potter
Callen,Fernanda,Delacruz
Ruben,Holly,Montoya
Alexis,Ariah,Todd
Emanuel,Aisha,Wu
Francis,Kora,Hines
Garrett,Amanda,Mullins
Kendrick,Ailani,Castaneda
Matthias,Elaine,Malone
Wells,Emory,Cannon
Augustus,Joy,Tate
Jasiah,Oaklee,Mack
Alijah,Lyric,Sherman
Alonzo,Madelynn,Hubbard
Koda,Haisley,Hodges
Collin,Allie,Zhang
Ford,Helena,Guerra
Frederick,Danielle,Wolf
Jaxton,Katalina,Valencia
Kohen,Carolina,Saunders
Troy,Zariah,Franco
Kason,Navy,Rowe
Seth,Cassidy,Gallagher
Denver,Lorelai,Farmer
Kyson,Stephanie,Hammond
Ares,Alma,Hampton
Raphael,Mira,Townsend
Bodie,Legacy,Ingram
Sylas,Jolene,Wise
Uriel,Anya,Gallegos
Zaiden,Dorothy,Clarke
Shiloh,Paris,Barton
Lewis,Yaretzi,Schroeder
Kieran,Aurelia,Maxwell
Marcos,Maddison,Waters
Bo,Renata,Logan
Shepherd,Jimena,Camacho
Philip,Xiomara,Strickland
Zaire,Itzel,Norman
Gregory,Heaven,Person
Princeton,Lyra,Colón
Roberto,Estella,Parsons
Leland,Gabrielle,Frank
Eithan,Maren,Harrington
Moshe,Jacqueline,Glover
Johnathan,Jennifer,Osborne
Lucca,Imani,Buchanan
Kenzo,Jordan,Casey
Mack,Paislee,Floyd
Porter,Ainsley,Patton
Kolton,Emmy,Ibarra
Kaison,Jessica,Ball
Valentino,Alondra,Tyler
Saul,Mae,Suarez
Shane,Makenzie,Bowers
Jamari,Bristol,Orozco
Rocco,Edith,Salas
Kylan,Cameron,Cobb
Deacon,Elora,Gibbs
Dalton,Jazlyn,Andrade
Moses,Averie,Bauer
Callahan,Ivory,Conner
Tadeo,Kenzie,Moody
Makai,Emelia,Escobar
Amiri,Angel,Mcguire
Rowen,Cecelia,Lloyd
Drew,Maliyah,Mueller
Jalen,Oakleigh,Hartman
Kylian,Opal,French
Sutton,Oaklyn,Kramer
Dominick,Kinley,Mcbride
Reece,Kayleigh,Pope
Rodrigo,Bonnie,Lindsey
Soren,April,Velazquez
Kasen,Kamryn,Norton
Ridge,Mallory,Mccormick
Zachariah,Briar,Sparks
Jamir,Leona,Flynn
Peyton,Keira,Yates
Omari,Alexa,Hogan
Trevor,Macie,Marsh
Morgan,Ariya,Macias
Izaiah,Briana,Villanueva
Alessandro,Virginia,Zamora
Kaysen,Skyler,Pratt
Enrique,Amber,Stokes
Marcelo,Hanna,Owen
Sincere,Monroe,Ballard
Lucian,Frankie,Lang
Leandro,Miranda,Brock
Armando,Dayana,Villarreal
Braylen,Charleigh,Charles
Jayson,Meredith,Drake
Julio,Carter,Barrera
Lawrence,Sierra,Cain
Cassius,Sunny,Patrick
Raul,Indie,Piñeda
Jase,Eve,Burnett
Mohammad,Beatrice,Mercado
Zain,Nalani,Santana
Jayceon,Kyla,Shepherd
Jonas,Clementine,Bautista
Ronald,Katie,Ali
Ayaan,Kennedi,Shaffer
Rio,Myra,Lamb
Allen,Blaire,Trevino
Bruce,Davina,Mckenzie
Mohamed,Faye,Hess
Dorian,Anahi,Beil
Maximilian,Madilynn,Olsen
Keegan,Alejandra,Cochran
Shawn,Alanna,Morton
Yusuf,Ivanna,Nash
Pierce,Mariam,Wilkins
Ariel,Yara,Petersen
Ander,Anne,Briggs
Conor,Addilyn,Shah
Conrad,Braelynn,Roth
Phillip,Lilian,Nicholson
Arjun,Dylan,Holloway
Roy,Amirah,Lozano
Moises,Lina,Rangel
Arturo,Reyna,Flowers
Johan,Amalia,Hoover
Gerardo,Amani,Short
Atreus,Ryan,Arias
Nikolai,Calliope,Mora
Braylon,Isabela,Valenzuela
Samson,Michaela,Bryan
Hezekiah,Abby,Meyers
Kayce,Alia,Weiss
Scott,Emerie,Underwood
Gunnar,Lylah,Bass
Jamison,Holland,Greer
Samir,Sevyn,Summers
Keanu,Winnie,Houston
Ledger,Leyla,Carson
Jaime,Shelby,Morrow
Finnley,Rosalia,Clayton
Cannon,Zariyah,Whitaker
Colby,Rhea,Decker
Nikolas,Emberly,Yoder
Emmitt,Marie,Collier
Kamden,Nia,Zuniga
Miller,Remy,Carey
Boone,Chaya,Wilcox
Hamza,Haley,Melendez
Ocean,Kaliyah,Poole
Mac,Rosa,Roberson
Anakin,Zahra,Larsen
Brixton,Jayleen,Conley
Roland,Karsyn,Davenport
Huxley,Malaysia,Copeland
Zeke,Jaliyah,Massey
Danny,Mina,Lam
Marvin,Kensley,Huff
Otis,Lennox,Rocha
Albert,Maxine,Cameron
Clay,Hadassah,Jefferson
Emir,Mikayla,Hood
Boston,Margo,Monroe
Bruno,Noah,Anthony
Lionel,Azariah,Pittman
Ozzy,Mara,Huynh
Taylor,Eileen,Randall
Jamie,Florence,Singleton
Augustine,Melany,Kirk
Chaim,Reina,Combs
Krew,Journi,Mathis
Rayan,Amaia,Christian
Alden,Kaitlyn,Skinner
Bellamy,Elliott,Bradford
Amos,Kelsey,Richard
Drake,Nola,Galvan
Davis,Gloria,Wall
Dustin,Keilani,Boone
Corey,Freyja,Kirby
Ahmad,Arleth,Wilkinson
Conner,Jenna,Bridges
Gustavo,Sloan,Bruce
Layton,Analia,Atkinson
Abram,Louise,Velez
Axton,Melina,Meza
Chandler,Sasha,Roy
Azariah,Dior,Vincent
Reese,Thalia,York
Benson,Noemi,Hodge
Tru,Maci,Villa
Case,Dallas,Abbott
Trey,Marina,Allison
Mauricio,Aliana,Tapia
Westin,Ezra,Gates
Gage,Adley,Chase
Reign,Cassandra,Sosa
Creed,Aleena,Sweeney
Mylo,Leslie,Farrell
Dennis,Capri,Wyatt
Quentin,Mckinley,Dalton
Madden,Angelica,Horn
Rome,Romina,Barron
Julien,Della,Phelps
Sam,Kathryn,Yu
Zaid,Kyra,Dickerson
Marcel,Milan,Heath
Maximo,Tiana,Foley
Layne,Khaleesi,Atkins
Ahmed,Nellie,Mathews
Kannon,Cleo,Bonilla
Quincy,Murphy,Acevedo
Yosef,Bethany,Benitez
Aarav,Irene,Zavala
Lennon,Ellianna,Hensley
Ryland,Zelda,Glenn
Skyler,Aleah,Cisneros
Chris,Janelle,Harrell
Eliam,Yareli,Shields
Kareem,Adalee,Rubio
Kyree,Dani,Huffman
Dario,Marceline,Choi
Donald,Coraline,Boyer
Fletcher,Estrella,Garrison
Darius,Ila,Arroyo
Duke,Iyla,Bond
Rayden,Mavis,Kane
Salem,Kenna,Hancock
Vicente,Vienna,Callahan
Vincenzo,Zendaya,Dillon
Cayson,Cheyenne,Cline
Eliseo,Erin,Wiggins
Issac,Karla,Grimes
Lian,Mikaela,Arellano
Clyde,Jazmin,Melton
Wilson,Persephone,O’Neill
Santana,Elodie,Savage
Tomas,Selene,Ho
Dexter,Chelsea,Beltran
Keith,Scout,Pitts
Houston,Theodora,Parrish
Harry,Lara,Ponce
Uriah,Marilyn,Rich
Lee,Novah,Booth
Rex,Ellis,Koch
Tony,Charley,Golden
Carmelo,Jemma,Ware
Alberto,Amayah,Brennan
Loyal,Karina,Mcdowell
Trace,Kendra,Marks
Alfredo,Miley,Cantu
Riggs,Laney,Humphrey
Forest,Laurel,Baxter
Raylan,Leilany,Sawyer
Salvador,Halle,Clay
Jakari,Jenesis,Tanner
Zakai,Malaya,Hutchinson
Louie,Marleigh,Kaur
Flynn,Wrenlee,Berg
Leonard,Zaylee,Wiley
Mohammed,Fallon,Gilmore
Derrick,Julie,Russo
Musa,Priscilla,Villegas
Avi,Bellamy,Hobbs
Ty,Adrianna,Keith
Westley,Angie,Wilkerson
Ambrose,Siena,Ahmed
Brycen,Aileen,Beard
Aron,Macy,Mcclain
Caspian,Estelle,Montes
Gatlin,Hana,Mata
Harlan,Martha,Rosario
Dillon,Flora,Vang
Emery,Kylee,Walter
Nixon,Liv,Henson
Tommy,Megan,O’Neal
Watson,Sariyah,Mosley
Zayd,Galilea,Mcclure
Azrael,Penny,Beasley
Zyair,Jovie,Stephenson
Azriel,Jamie,Snow
Legacy,Amoura,Huerta
Cillian,Emmie,Preston
Alvin,Henley,Vance
Bridger,Sky,Barry
Alec,Christina,Johns
Edison,Violeta,Eaton
Kingsley,Arlet,Blackwell
Remi,Belen,Dyer
Briar,Aviana,Prince
Jaxxon,Kori,Macdonald
Truett,Monica,Solomon
Lachlan,Savanna,Guevara
Cal,Naya,Stafford
Landen,Alena,English
Roger,Aya,Hurst
Alonso,Waverly,Woodard
Kaiser,Brynleigh,Cortes
Blaze,Aliza,Shannon
Jerry,Kiana,Kemp
Seven,Love,Nolan
Kenji,Clover,Mccullough
Noe,Pearl,Merritt
Quinton,Skyla,Murillo
Grey,Bria,Moon
Jefferson,Ocean,Salgado
Marcellus,Alisson,Strong
Ray,Treasure,Kline
Kyro,Lillie,Cordova
Benicio,Jaylani,Barajas
Justice,Liberty,Roach
Neil,Rayna,Rosas
Idris,Milana,Winters
Bear,Zaria,Jacobson
Kiaan,Emerald,Lester
Wayne,Halo,Knox
Ben,Taytum,Bullock
Junior,Andi,Kerr
Karim,Milena,Leach
Yehuda,Noor,Meadows
Jimmy,Kataleya,Orr
Ramon,Kimber,Davila
Bjorn,Carly,Whitehead
Nathanael,Jream,Pruitt
Stanley,Samira,Kent
Hassan,Ashlyn,Conway
Magnus,Hunter,Mckee
Trenton,Marlowe,Barr
Brayan,Promise,David
Brock,Joelle,Dejesus
Jagger,Dulce,Marin
Cason,Lea,Berger
Dakari,Ashlynn,Mcintyre
Rey,Zoya,Blankenship
Abdiel,Elliot,Gaines
Abdullah,Jolie,Palacios
Casen,Kai,Cuevas
Jiraiya,Bridget,Bartlett
Lance,Johanna,Durham
Misael,Paulina,Dorsey
Alvaro,Ramona,Mccall
Robin,Aila,O’Donnell
Langston,Jessie,Stein
Nelson,Mercy,Browning
Wes,Rayne,Stout
Khari,Rivka,Lowery
Landyn,Arlette,Sloan
Jakai,Paula,Mclean
Lochlan,Valery,Hendricks
Valentin,Birdie,Calhoun
Keaton,Nala,Sexton
Amias,Kelly,Chung
Joziah,Kinslee,Gentry
Thaddeus,Linda,Hull
Jedidiah,Madisyn,Duarte
Orlando,Aspyn,Ellison
Eliel,Baylor,Nielsen
Hugh,Chana,Gillespie
Koen,Zaniyah,Buck
Calum,Goldie,Middleton
Enoch,Marianna,Sellers
Mitchell,Novalee,Leblanc
Rohan,Loretta,Esparza
Aryan,Elyse,Hardin
Dilan,Stormi,Bradshaw
Aden,Adele,Mcintosh
Allan,Berkley,Howe
Leighton,Anika,Livingston
Elisha,Marisol,Frost
Evander,Kassidy,Glass
Castiel,Roselyn,Morse
Curtis,Louisa,Knapp
Kellen,Alexia,Herman
Dash,Dalia,Stark
Douglas,Ensley,Bravo
Eddie,Hayley,Noble
Melvin,Jayda,Spears
Avyaan,Harmoni,Weeks
Everest,Jada,Corona
Zamir,Marigold,Frederick
Ricky,Zayla,Buckley
Dutton,Ayleen,Mcfarland
Yahir,Natasha,Hebert
Devon,Sol,Enriquez
Franco,Annika,Hickman
Khaza,Malayah,Quintero
Dior,Drew,Randolph
Leif,Anais,Schaefer
Sevyn,Angelique,Walls
Guillermo,Zhuri,Trejo
Ira,Aliya,House
Emory,Azaria,Reilly
Felipe,Zora,Pennington
Titan,Allyson,Michael
Alfred,Brittany,Conrad
Azael,Kamiyah,Giles
Zahir,Gwen,Benjamin
Kellan,Vada,Crosby
Darren,Giuliana,Fitzpatrick
Rudy,Elina,Donovan
Ayan,Hadlee,Mays
Leroy,Itzayana,Mahoney
Anders,Jianna,Valentine
Ishaan,Cadence,Raymond
Reuben,Greta,Medrano
Boden,Lilianna,Hahn
Mccoy,Denver,Mcmillan
Heath,Robin,Small
Kase,August,Bentley
Wylder,Jazmine,Felix
Judson,Royal,Peck
Khai,Braelyn,Lucero
Kye,Celia,Boyle
Axl,Yamileth,Hanna
Crue,Avayah,Pace
Ernesto,Baylee,Rush
Ahmir,Iliana,Hurley
Zyon,Teresa,Harding
Aries,Amelie,Mcconnell
Mustafa,Judith,Bernal
Santos,Kara,Nava
Dane,Lacey,Ayers
Damari,Amiri,Everett
Elio,Elowyn,Ventura
Jadiel,Georgina,Avery
Jovanni,Justice,Pugh
Salvatore,Emmalyn,Mayer
Mathew,Harlee,Bender
Kolson,Kamari,Shepard
Nova,Kaydence,Mcmahon
Brendan,Khalani,Landry
Murphy,Luisa,Case
Brodie,Whitley,Sampson
Damir,Bailee,Moses
Rocky,Cynthia,Magana
Larry,Karter,Blackburn
Fisher,Livia,Dunlap
Waylen,Aubrie,Gould
Byron,Veda,Duffy
Ermias,Janiyah,Vaughan
Joey,Salma,Herring
Joe,Araya,Mckay
Jon,Aubrielle,Espinosa
Arian,Bexley,Rivers
Chosen,Giana,Farley
Jairo,Keyla,Bernard
Vihaan,Katelyn,Ashley
Kylen,Saoirse,Friedman
Ameer,Sariah,Potts
Dion,Araceli,Truong
Jrue,Artemis,Costa
Kaizen,Averi,Correa
Yousef,Yasmin,Blevins
Bryant,Kaiya,Nixon
Cullen,Emberlynn,Clements
Kaisen,Amaris,Fry
Kelvin,Sapphire,Delarosa
Zen,Kallie,Best
Kartier,Shay,Benton
Randy,Guinevere,Lugo
Shepard,Lilyana,Portillo
Alaric,Magdalena,Dougherty
Cain,Tinsley,Crane
Jeremias,Zainab,Haley
Alfonso,Deborah,Phan
Brecken,Kenia,Villalobos
Colten,Laylah,Blanchard
Gian,Layne,Horne
Rhodes,Scottie,Finley
Wesson,Carla,Quintana
Duncan,Chandler,Lynn
Harold,Rosalina,Esquivel
Henrik,Kairi,Bean
Harley,Lauryn,Dodson
Alistair,Nyomi,Mullen
Agustin,Raina,Xiong
Jericho,Aubriella,Hayden
Talon,Elia,Cano
Westyn,Lenora,Levy
Cassian,Lisa,Huber
Eugene,Nori,Richmond
Ryatt,Tiffany,Moyer
Shmuel,Giovanna,Lim
Braden,Jaylah,Frye
Yahya,Rosalyn,Sheppard
Aldo,Chanel,Mccarty
Dangelo,Maddie,Avalos
Ezrah,Avah,Booker
Korbin,Leanna,Waller
Zavier,Luz,Parra
Bronson,Addilynn,Woodward
Teo,Brylee,Jaramillo
Jones,Casey,Krueger
Neo,Laylani,Rasmussen
Stefan,Tru,Brandt
Van,Billie,Peralta
Mekhi,Lottie,Donaldson
Coleson,Alianna,Stuart
Eren,Meilani,Faulkner
Ignacio,Lexie,Maynard
Kristian,Nathalia,Galindo
Harlem,Avalynn,Coffey
Zev,Julissa,Estes
Canaan,Paloma,Sanford
Cedric,Rosalee,Burch
Khalid,Rebekah,Maddox
Bode,Simone,Vo
Gary,Egypt,O’Connell
Rene,Scarlette,Vu
Benedict,Sarahi,Andersen
Maxton,Alaiya,Spence
Thatcher,Hadleigh,Mcpherson
Wallace,Inaya,Church
Davian,Keily,Schmitt
Gordon,Lakelynn,Stanton
Niklaus,Nyra,Leal
Yisroel,Princess,Cherry
Kabir,Rowyn,Compton
Osman,Vida,Dudley
Adler,Elisabeth,Sierra
Darian,India,Pollard
Terry,Ryann,Alfaro
Cartier,Barbara,Hester
Osiris,Belle,Proctor
Vance,Saanvi,Lu
Demetrius,Xyla,Hinton
Kamryn,Winona,Novak
Lux,Aadhya,Good
Stone,Indigo,Madden
Jaxx,Lakelyn,Mccann
Kooper,Paola,Terrell
Rodney,Emmeline,Jarvis
Aurelio,Joyce,Dickson
Darwin,Kamilah,Reyna
Jakob,Maisy,Cantrell
Zechariah,Rylan,Mayo
Brennan,Soleil,Branch
Marlon,Ainhoa,Hendrix
Meir,Maleah,Rollins
Yael,Neriah,Rowland
Asaiah,Elsa,Whitney
Atharv,Emiliana,Duke
Imran,Luella,Odom
Ivaan,Nancy,Daugherty
Kanan,Cielo,Travis
Kalel,Madalyn,Tang
London,Kahlani,Archer